time,left_bond,middle_bond,right_bond,mean_y,triple,connected_triple,vacuum_triple
0,72,92,232,0.005281621809183239,-1.6277939326068466e-7,1.365993093378065e-16,-5.339128253590886e-19
0,72,94,232,0.0036241866574540935,-6.871436519831179e-7,1.3093011782183347e-16,-5.218148953101974e-19
0,72,96,232,0.002403811492357852,-6.499355240420942e-7,2.0809058415196396e-17,-5.158021194375507e-19
0,72,98,232,0.0015422378006823226,-2.601949931658036e-7,-1.2212393978570414e-16,-5.131967073031568e-19
0,72,100,232,0.0009578951097653347,1.3233641093058206e-7,-1.9825187295313164e-16,-5.125560559187367e-19
0,72,102,232,0.0005764939795159841,3.0044899957036344e-7,-1.506911847230395e-16,-5.128825854655414e-19
0,72,104,232,0.00033652180910347996,2.3676420488528912e-7,-3.1359277289722334e-18,-5.136194999937505e-19
0,72,106,232,0.00019073654849283302,7.416677166186163e-8,1.5009624995671175e-16,-5.144806467102043e-19
0,72,108,232,0.0001050828436134444,-5.248165433768787e-8,2.1413604358497512e-16,-5.153108775512682e-19
0,72,110,232,5.63338111091541e-5,-8.916096214235836e-8,1.549528324738025e-16,-5.160315586599555e-19
0,72,112,232,2.9413580657105403e-5,-5.909197003373215e-8,2.145695921050713e-17,-5.166378561995605e-19
0,72,114,232,1.4966698182076838e-5,-1.2704291201676876e-8,-9.730121574994324e-17,-5.171189134245513e-19
0,72,116,232,7.421058881788869e-6,1.5647186723559718e-8,-1.3331522363495868e-16,-5.174993518828379e-19
0,72,118,232,3.5805694884788416e-6,1.991291417517256e-8,-8.421467003860822e-17,-5.177907262536102e-19
0,72,120,232,1.674307858265781e-6,1.1097163442799325e-8,1.3813990675890692e-18,-5.18012578678839e-19
0,72,122,232,7.516887796738232e-7,1.5570259249120313e-9,6.286771096031962e-17,-5.181793266581021e-19
0,72,124,232,3.1710240412785e-7,-3.0078478227400187e-9,7.023974775563016e-17,-5.183046962196871e-19
0,72,126,232,1.1895346735778822e-7,-3.08078890707906e-9,3.621176722733489e-17,-5.183963161660518e-19
0,72,128,232,3.261417064548157e-8,-1.4087532607913858e-9,-7.5263482562358e-18,-5.184636312195736e-19
0,72,130,232,-2.2568888065536574e-9,-3.321489998730027e-11,-3.2656092743665265e-17,-5.18513053645588e-19
0,72,132,232,-1.4240755603969585e-8,4.651346555526185e-10,-3.198611194356223e-17,-5.18548882521454e-19
0,72,134,232,-1.6571170532786283e-8,3.82403058784919e-10,-1.6343941753172232e-17,-5.18574861970362e-19
0,72,136,232,-1.521514826522293e-8,1.5290402677345068e-10,-7.119954149869859e-19,-5.185936407474112e-19
0,72,138,232,-1.2766275339144448e-8,4.290276149866886e-12,5.964194870263774e-18,-5.186070961648539e-19
0,72,140,232,-1.0285432537215137e-8,-3.72424905159407e-11,4.167330840173856e-18,-5.186167105238906e-19
0,72,142,232,-8.156523878619446e-9,-2.497256815477845e-11,-3.0432519511807437e-19,-5.186235791925901e-19
0,72,144,232,-6.47793917369695e-9,-5.339301591206509e-12,-4.9166324869123084e-18,-5.186283368947492e-19
0,72,146,232,-5.238515935052757e-9,4.466785599887739e-12,-6.564865513754109e-18,-5.18631572107987e-19
0,72,148,232,-4.394899435555107e-9,5.640108964826328e-12,-5.647882060617482e-18,-5.18633669140089e-19
0,72,150,232,-3.904541055518664e-9,3.660803838868531e-12,-4.6629555687787916e-18,-5.186348275160634e-19
0,72,152,232,-3.7392769211244915e-9,1.860748267670596e-12,-3.2316615563298276e-18,-5.186351981923341e-19
0,72,154,232,-3.890858947920981e-9,9.583326118936826e-13,-3.4978062576436265e-18,-5.186348246887874e-19
0,72,156,232,-4.373527064824569e-9,-1.6422252877410046e-14,-2.795041994115799e-18,-5.186336554075954e-19
0,72,158,232,-5.225705535942586e-9,-4.5655302976414916e-12,-2.2982732456431342e-18,-5.186315639038329e-19
0,72,160,232,-6.511223923710811e-9,-5.637262988641996e-12,-2.61084041022355e-18,-5.186283077889378e-19
0,72,162,232,-8.318851417862943e-9,-3.4183543500448264e-12,3.9669012748265464e-19,-5.186235329968984e-19
0,72,164,232,-1.0756723183598477e-8,1.2069767524745942e-11,-2.267574518084457e-18,-5.186166987351566e-19
0,72,166,232,-1.3933167340413724e-8,4.872856025823075e-11,-8.792713917132406e-18,-5.186070592461637e-19
0,72,168,232,-1.79048971705376e-8,9.210936765869361e-11,-1.7246607359371594e-17,-5.185935670867362e-19
0,72,170,232,-2.2549484293259308e-8,7.751960362407495e-11,-2.1833454828395903e-17,-5.185747875208242e-19
0,72,172,232,-2.7264928217025164e-8,-1.1177405580533042e-10,-1.2539086885791883e-17,-5.18548761163092e-19
0,72,174,232,-3.027730245975994e-8,-5.561396490155464e-10,1.16565262210357e-17,-5.185128348313464e-19
0,72,176,232,-2.7066327888189627e-8,-1.084054146749698e-9,4.361990052375367e-17,-5.184634508828161e-19
0,72,178,232,-6.828333942808919e-9,-1.0398105655523508e-9,6.21597194113057e-17,-5.183958767421279e-19
0,72,180,232,5.5349071019327195e-8,6.152720815761644e-10,4.468911588313738e-17,-5.183038976778853e-19
0,72,182,232,2.1544424726586406e-7,4.426844273191806e-9,-1.4907461045248335e-17,-5.181794669349222e-19
0,72,184,232,5.962681097188283e-7,8.82090440908836e-9,-9.377031444835577e-17,-5.180123681760396e-19
0,72,186,232,1.460432094959129e-6,8.930826964477567e-9,-1.402998283666962e-16,-5.177899610861413e-19
0,72,188,232,3.353469929199386e-6,-1.7642604716316012e-9,-1.0636156074571113e-16,-5.174971838599616e-19
0,72,190,232,7.3721842678888875e-6,-2.5287626498208958e-8,1.537480769988435e-17,-5.171171028530852e-19
0,72,192,232,1.5642835429967352e-5,-5.076144600366278e-8,1.7232140849337443e-16,-5.16632537411796e-19
0,72,194,232,3.2125965025951126e-5,-5.18593811534303e-8,2.7369545643873686e-16,-5.160296547268013e-19
0,72,196,232,6.388620499361536e-5,-8.989620434277494e-11,2.44521100636457e-16,-5.153050322598883e-19
0,72,198,232,0.00012295140795252877,1.0523642892196455e-7,8.376854092857571e-17,-5.144786408034745e-19
0,72,200,232,0.00022879959937992258,2.0917395705402211e-7,-1.261274410109016e-16,-5.13616679635958e-19
0,72,202,232,0.0004113155334795908,2.0957125398669503e-7,-2.6617004515841524e-16,-5.128704045623923e-19
0,72,204,232,0.0007137292828422227,2.357729067676043e-8,-2.548025453689073e-16,-5.125401664248723e-19
0,72,206,232,0.001194613551363755,-3.14418131063621e-7,-1.0387503845358387e-16,-5.131775273740161e-19
0,72,208,232,0.0019275797475901575,-6.049853302895599e-7,8.916461725861843e-17,-5.157405899935697e-19
0,72,210,232,0.0029970715970895553,-5.684005137966045e-7,2.0436872138172857e-16,-5.218111616945518e-19
0,72,212,232,0.0044888635783950515,-5.1790350597631046e-8,1.7101934018243226e-16,-5.3384283142173265e-19
70,98,118,206,0.007000663865021212,2.4452446637112424e-6,-6.141132027992273e-8,-1.1314573746435772e-15
70,98,120,206,0.005633815331121674,1.9901441097564775e-6,-5.5436975251746143e-8,-1.1045570342981572e-15
70,98,122,206,0.004649331606414664,1.7133766327951443e-6,-4.773969666095123e-8,-1.0908335905344294e-15
70,98,124,206,0.0038921196497642184,1.5744491561604796e-6,-3.7443065366125436e-8,-1.084848079155153e-15
70,98,126,206,0.003368988360905066,1.6052667664748978e-6,-1.5506957279320798e-8,-1.0831237227337985e-15
70,98,128,206,0.0029509651160284766,1.566721662749744e-6,-1.0063418615345067e-8,-1.083562105504182e-15
70,98,130,206,0.002757106156899306,1.584858562305889e-6,-1.1356914468357332e-8,-1.0849552454699862e-15
70,98,132,206,0.0024827303441083757,1.4136262915156204e-6,-6.326020504767043e-9,-1.0866426825975641e-15
70,98,134,206,0.002323819841295697,1.3710223877013224e-6,-8.509801106762872e-9,-1.0882883471559005e-15
70,98,136,206,0.0021863270915073335,1.308837578462607e-6,-2.572903297301204e-9,-1.0897411262751876e-15
70,98,138,206,0.002100282604448114,1.2488844023151701e-6,2.3359122567435216e-9,-1.0909506289913753e-15
70,98,140,206,0.0019959274179078825,1.2568206065637358e-6,1.235162615861004e-8,-1.0919176023778226e-15
70,98,142,206,0.001992695652824212,1.23713769333579e-6,7.559695116144048e-9,-1.0926656108197579e-15
70,98,144,206,0.0019244153560407347,1.2045161115037239e-6,1.1927603294974263e-8,-1.093225473826049e-15
70,98,146,206,0.0019146432608355389,1.195318424480549e-6,1.5117211737464087e-8,-1.0936271017241911e-15
70,98,148,206,0.001883762939727441,1.2079535165837963e-6,1.4502181068145284e-8,-1.0938955183756097e-15
70,98,150,206,0.0018880616753886787,1.2294889936576542e-6,8.831838476685053e-9,-1.0940491331759724e-15
70,98,152,206,0.0018342628199112597,1.1652823357502894e-6,6.768335678092751e-9,-1.0940990958898717e-15
70,98,154,206,0.0018657926258335413,1.2098107428353596e-6,1.553585162841356e-8,-1.0940491329336298e-15
70,98,156,206,0.0018633234381992896,1.1826122838723271e-6,1.2729847302706556e-8,-1.0938955182512035e-15
70,98,158,206,0.0019004698713310558,1.1615961407648521e-6,1.1129321291449366e-8,-1.093627100816235e-15
70,98,160,206,0.0019164091937485031,1.1913139041357482e-6,8.199547577767028e-9,-1.093225473469814e-15
70,98,162,206,0.0019998117682925045,1.229312891779235e-6,6.988116661174205e-9,-1.0926656094901356e-15
70,98,164,206,0.002021606962323408,1.2717919005070522e-6,1.0766125342303599e-8,-1.0919175991862305e-15
70,98,166,206,0.0020539078044928445,1.2693342102060023e-6,9.47163187782575e-9,-1.0909506261023126e-15
70,98,168,206,0.002182864252398229,1.3329184052663185e-6,-7.9261010649294e-10,-1.0897411212224443e-15
70,98,170,206,0.002229013878015255,1.3642019628520825e-6,-2.3331828659195025e-9,-1.0882883400374195e-15
70,98,172,206,0.002391909868981483,1.4122075063794853e-6,-2.578806000299185e-9,-1.0866426716018759e-15
70,98,174,206,0.002589904808254475,1.488712828784279e-6,-3.6417319610534592e-9,-1.0849552229167959e-15
70,98,176,206,0.0028316211918222706,1.522543377505114e-6,-1.2232169702189232e-8,-1.0835620949689357e-15
70,98,178,206,0.0032283323292496475,1.5624257583754415e-6,-2.058422627661091e-8,-1.083123697891112e-15
70,98,180,206,0.003719982355630782,1.6203002890389073e-6,-3.05448970996082e-8,-1.0848480391099476e-15
70,98,182,206,0.004430372402505328,1.7898267442965653e-6,-2.81590503913558e-8,-1.0908335353873137e-15
70,98,184,206,0.005347169606798971,2.048011720320374e-6,-4.6475509598426545e-8,-1.1045569997462521e-15
70,98,186,206,0.0066361251351536015,2.4900553919999814e-6,-5.678755261836601e-8,-1.131457347446129e-15
75,89,109,216,0.0064038863261864,1.9300972520163343e-6,-9.454691059486173e-8,-6.900400640511748e-17
75,89,111,216,0.0050732694525519526,1.6628170578248489e-6,-6.245295978978365e-8,-6.736408816709662e-17
75,89,113,216,0.004100311503785478,1.4425725283092867e-6,-2.801573257220748e-8,-6.652755131463525e-17
75,89,115,216,0.0034627455773551252,1.4991122710546736e-6,-9.633997456532396e-9,-6.616283869716443e-17
75,89,117,216,0.002987357212015375,1.4610316394236496e-6,1.8949886506237557e-9,-6.605793544508545e-17
75,89,119,216,0.0026475800831704316,1.409072086882474e-6,-2.8187094815807908e-9,-6.608494423625378e-17
75,89,121,216,0.002380092050131494,1.3241759019977109e-6,4.563536296624795e-10,-6.617019977743563e-17
75,89,123,216,0.0022247958482241393,1.259803846725382e-6,-1.1350409013964616e-8,-6.627346738325085e-17
75,89,125,216,0.0020728316823149413,1.2133003485804766e-6,-1.4137264706743613e-8,-6.637429976934292e-17
75,89,127,216,0.0019739903985815533,1.1765013181061336e-6,-2.97034017838704e-9,-6.64635256740678e-17
75,89,129,216,0.0018956262631513534,1.126843414243275e-6,-3.3760776976381246e-9,-6.65381481186676e-17
75,89,131,216,0.0018344962511234767,1.1110638298871095e-6,1.5616945613031902e-9,-6.659829704804783e-17
75,89,133,216,0.0017406848217560752,1.0816852026202255e-6,7.497879841173984e-9,-6.664554529444424e-17
75,89,135,216,0.0016939229965488038,1.0603539365554169e-6,6.576846462533925e-9,-6.668194473106503e-17
75,89,137,216,0.0016468663649700024,1.03588473376455e-6,1.2646917602362753e-8,-6.670955530259097e-17
75,89,139,216,0.0016380052279097485,1.0390866816251063e-6,1.0032318228967864e-8,-6.673021783485298e-17
75,89,141,216,0.0015850350967991434,1.0108541744768075e-6,6.113974673147998e-9,-6.674548033174371e-17
75,89,143,216,0.0015495301832735874,1.012634279304103e-6,7.434572987372935e-9,-6.67565836288045e-17
75,89,145,216,0.0015567210769846715,9.97484037548457e-7,8.820702821471347e-9,-6.676448923302561e-17
75,89,147,216,0.0015350059192741111,9.839320353474695e-7,4.918474768960693e-9,-6.676991400626712e-17
75,89,149,216,0.001533590039936572,9.744238387965134e-7,7.727007866315413e-9,-6.677336758387547e-17
75,89,151,216,0.001541461436690989,9.958984941601167e-7,4.667387566232736e-9,-6.677518288908309e-17
75,89,153,216,0.0015458144647425833,1.00169942658174e-6,2.0366927969054224e-8,-6.677553700316462e-17
75,89,155,216,0.0015304349509202627,9.775389312413066e-7,1.4944983819212015e-8,-6.677446531232539e-17
75,89,157,216,0.00153186984928179,9.951950033287428e-7,1.4455242434536886e-8,-6.677186242050654e-17
75,89,159,216,0.0015208807144519018,9.906893168822523e-7,1.5853656706838566e-8,-6.676747523467565e-17
75,89,161,216,0.001559392880088585,9.803797290666558e-7,6.6402445454764565e-9,-6.676088589190395e-17
75,89,163,216,0.0015903388471736949,9.916459151570314e-7,6.138036304032891e-9,-6.675148518235339e-17
75,89,165,216,0.0016271843309283451,1.0282433107975981e-6,9.004137777014146e-9,-6.673843877260218e-17
75,89,167,216,0.0017079129955814881,1.0814424335505706e-6,1.3024128031433379e-8,-6.672064963314367e-17
75,89,169,216,0.0016920493960391892,1.0567379391291673e-6,1.3387451705773747e-8,-6.669672578440284e-17
75,89,171,216,0.001742003660912276,1.0781563639105347e-6,3.9477733125196355e-9,-6.666496799186858e-17
75,89,173,216,0.0017560841552495187,1.0843007558570674e-6,7.93832104094298e-9,-6.662340796220883e-17
75,89,175,216,0.0018200826962685762,1.0991752392648205e-6,-1.7835550371359213e-9,-6.656994887435941e-17
75,89,177,216,0.001951488082155599,1.1345334180547876e-6,-3.5036055936700396e-9,-6.650269851803527e-17
75,89,179,216,0.002070765929237986,1.2221448968468885e-6,-4.451554921984288e-9,-6.642064790540309e-17
75,89,181,216,0.002140500741199069,1.2526223588075615e-6,-6.060844619201923e-10,-6.632494804759529e-17
75,89,183,216,0.002282123517998229,1.3031607729069754e-6,9.54511242127081e-9,-6.622119600117477e-17
75,89,185,216,0.0025371024727762477,1.3408193912177382e-6,7.607189717598128e-9,-6.612338465902552e-17
75,89,187,216,0.002865456033283022,1.3957306611327925e-6,3.5420027379238277e-9,-6.60605288541897e-17
75,89,189,216,0.0033404511928680544,1.4650377637730538e-6,-1.094463108602126e-9,-6.608746315739107e-17
75,89,191,216,0.00397352155082969,1.5080222273034846e-6,-1.1546795352532825e-8,-6.630182180738481e-17
75,89,193,216,0.004793803677119507,1.5621833480667477e-6,-4.6212619157260785e-8,-6.686929893145812e-17
75,89,195,216,0.006055764653603914,1.8581006884056002e-6,-7.354136623219686e-8,-6.805730274008418e-17
80,80,100,225,0.005781956999637904,1.4068062997091814e-6,-1.224180647793298e-7,-4.874186574887095e-18
80,80,102,225,0.004556772129060784,1.340556438954587e-6,-6.714121485331069e-8,-4.758904067276814e-18
80,80,104,225,0.00364595055199478,1.2661658263768134e-6,-2.407862567670921e-8,-4.700144051693157e-18
80,80,106,225,0.0031996953443379408,1.4552741410976593e-6,7.588335009736087e-9,-4.674609606569138e-18
80,80,108,225,0.0027071403602413687,1.324182746969503e-6,1.1856062049855417e-8,-4.667352337464892e-18
80,80,110,225,0.002350876779163547,1.2711762141073884e-6,1.6563871056000628e-8,-4.669370244569205e-18
80,80,112,225,0.0021849391185626934,1.2436735185524568e-6,4.86055052416727e-9,-4.67547370011652e-18
80,80,114,225,0.0020694291592964257,1.1827443373369587e-6,6.103012617707832e-9,-4.682819942835401e-18
80,80,116,225,0.0018737921724914168,1.078279760008449e-6,7.481006496571644e-10,-4.68998978928862e-18
80,80,118,225,0.0018683311562145166,1.1016997253237512e-6,1.4138160902706665e-9,-4.696322218769242e-18
80,80,120,225,0.0017360773288835943,1.0162818312569787e-6,5.050281491771787e-9,-4.70161625223774e-18
80,80,122,225,0.00163188641906047,9.966757563144348e-7,9.301748333049171e-9,-4.705886675547646e-18
80,80,124,225,0.0015997112647356758,9.922497713575265e-7,9.81223544803248e-9,-4.7092420820036756e-18
80,80,126,225,0.0015562882339979277,9.69473979756037e-7,4.373127908156902e-9,-4.71182974852899e-18
80,80,128,225,0.0015280611546007168,9.471723857465924e-7,1.1335859745494404e-8,-4.713795801748654e-18
80,80,130,225,0.0014795230226561332,9.308194222315453e-7,1.073273479404861e-8,-4.715272874904038e-18
80,80,132,225,0.001454793268593981,9.354806806629059e-7,1.546111760337162e-8,-4.716372676151919e-18
80,80,134,225,0.001427815532830326,9.108909813384766e-7,1.2398392272463575e-8,-4.717184851191196e-18
80,80,136,225,0.0013901686198817924,8.820620827635504e-7,-1.8340064047344018e-9,-4.717781038386489e-18
80,80,138,225,0.001356484505281537,8.545780346902905e-7,3.048062688405992e-9,-4.7182150965662195e-18
80,80,140,225,0.0013388598611058778,8.620775501868993e-7,5.871084754421277e-9,-4.718529058460668e-18
80,80,142,225,0.0013438340680996571,8.633389193499332e-7,4.3152044993773745e-9,-4.7187542737305225e-18
80,80,144,225,0.001321411846429757,8.570993571474523e-7,1.2935079010947687e-8,-4.7189135867777694e-18
80,80,146,225,0.0013438418603834818,8.663674721561212e-7,2.7966967564695387e-9,-4.719023436201568e-18
80,80,148,225,0.0013289650207551835,8.458585103207038e-7,8.12530007567377e-9,-4.719095973236591e-18
80,80,150,225,0.0013190783317042643,8.556345568388558e-7,1.3848453151085354e-8,-4.719138541130316e-18
80,80,152,225,0.0013327268235396122,8.584723916650942e-7,3.4849317085753756e-9,-4.71915603248638e-18
80,80,154,225,0.0012953674945195952,8.020686762728738e-7,5.413554545458323e-9,-4.719150246462977e-18
80,80,156,225,0.0013281942533113474,8.614343040525509e-7,1.4361553098709831e-8,-4.719120602862456e-18
80,80,158,225,0.0013203555379448907,8.665412578298954e-7,1.1078023624327649e-8,-4.7190638335539555e-18
80,80,160,225,0.0013358527159373211,8.784284598093621e-7,1.0450300515355883e-8,-4.718973807384325e-18
80,80,162,225,0.0013532994663885333,8.591763921488673e-7,9.470128840587588e-9,-4.718840884195531e-18
80,80,164,225,0.00133489511384451,8.463140892638559e-7,1.0008486992660763e-8,-4.718651051243212e-18
80,80,166,225,0.0013735661375872724,8.812166914919055e-7,1.3496618760049197e-8,-4.718384710142626e-18
80,80,168,225,0.0014030483934735802,8.916633419068258e-7,1.000128857502348e-8,-4.7180150521438756e-18
80,80,170,225,0.0014108489213079064,8.94812931111203e-7,1.1304869628851218e-8,-4.7175059744533096e-18
80,80,172,225,0.001401579535245543,8.830818640225311e-7,1.2444439097549006e-8,-4.716809598149124e-18
80,80,174,225,0.00146833653592444,9.105593200731725e-7,5.3365682666780115e-9,-4.715863380167756e-18
80,80,176,225,0.0014969630208672528,9.115902175125615e-7,4.744894123002041e-9,-4.714587092989176e-18
80,80,178,225,0.0015537779413683282,9.684288436339729e-7,1.021609114966686e-8,-4.712880247882512e-18
80,80,180,225,0.0015945959195040865,9.641291102807372e-7,4.463541734148346e-9,-4.710621016533167e-18
80,80,182,225,0.0016377233100113343,1.0057374706332096e-6,7.088145264023121e-9,-4.7076687360046864e-18
80,80,184,225,0.0017282624762521082,1.0474524946846501e-6,3.5829910631120876e-9,-4.703873661690752e-18
80,80,186,225,0.0017646642669610153,1.044039354719783e-6,3.0515139301436083e-9,-4.699100336122196e-18
80,80,188,225,0.0018511260883347087,1.0726378824040621e-6,-4.3683517155310615e-9,-4.6932753238714524e-18
80,80,190,225,0.001960212255188991,1.1283693985790288e-6,2.8827631898067963e-9,-4.686477138804169e-18
80,80,192,225,0.0020596614122142254,1.1647354985650456e-6,8.074591905892654e-9,-4.679097329696441e-18
80,80,194,225,0.002308911319577233,1.28157195034815e-6,1.2791124236930043e-8,-4.672118830812036e-18
80,80,196,225,0.0025957545446626154,1.3050489422821495e-6,7.63267007928511e-9,-4.667582848737436e-18
80,80,198,225,0.0029635564326023537,1.2745971028027902e-6,8.805996876330935e-10,-4.669349405421984e-18
80,80,200,225,0.003601698585224384,1.3212363847282645e-6,-2.086710237097965e-8,-4.684292490468299e-18
80,80,202,225,0.004363529819461383,1.3192352078530366e-6,-5.391415833180433e-8,-4.724075811365593e-18
80,80,204,225,0.005507641546151843,1.4170757047596627e-6,-9.558026526577381e-8,-4.807512413234186e-18
